model,best_cv_roc_auc,cv_std_roc_auc,best_params
lasso_logistic,0.9207704851111336,0.002498310365077627,{'model__C': 0.1}
logistic,0.9205280279450921,0.002557847336944268,{'model__C': 0.1}
ridge_logistic,0.9205280279450921,0.002557847336944268,{'model__C': 0.1}
svm_linear,0.920378247840756,0.0025162996907008356,{'model__C': 0.1}
xgboost,0.9176547808344919,0.002072356332485799,"{'model__learning_rate': 0.05, 'model__max_depth': 3, 'model__n_estimators': 100}"
random_forest,0.9146347808318479,0.0018127323748800812,"{'model__max_depth': None, 'model__min_samples_leaf': 5, 'model__n_estimators': 120}"
knn,0.9094248203537229,0.002424234486124464,{'model__n_neighbors': 25}
