family_history_of_mental_illness,count,depression_rate
Yes,13465,0.6124025250649833
No,14358,0.5596879788271347
