dietary_habits,count,depression_rate
Unhealthy,10279,0.7075591010798716
Moderate,9888,0.5598705501618123
Healthy,7623,0.45323363505181685
