dietary_habits,count,depression_rate
Unhealthy,10288,0.7073289269051322
Others,12,0.6666666666666666
Moderate,9897,0.559765585530969
Healthy,7626,0.45331759769210594
