academic_pressure,count,depression_rate
5.0,6279,0.8604873387482083
4.0,5146,0.7615623785464438
3.0,7434,0.6008878127522196
2.0,4169,0.37467018469656993
0.0,3,0.3333333333333333
1.0,4792,0.19407345575959933
