sleep_duration,count,depression_rate
'Less than 5 hours',8279,0.6452470105085155
'7-8 hours',7322,0.5940999726850588
'5-6 hours',6165,0.5688564476885645
'More than 8 hours',6024,0.5087981407702523
