financial_stress,count,depression_rate
5.0,6684,0.8125374027528426
4.0,5754,0.6908237747653806
3.0,5202,0.5893886966551326
2.0,5051,0.4294199168481489
1.0,5099,0.31829770543243774
