financial_stress,count,depression_rate
5.0,6691,0.8127335226423554
4.0,5759,0.690744920993228
3.0,5209,0.5891725859090037
2.0,5056,0.4293908227848101
1.0,5108,0.3183241973375098
