academic_pressure,count,depression_rate
5.0,6274,0.8603761555626395
4.0,5139,0.7616267756372835
3.0,7426,0.601131160786426
2.0,4162,0.37457952907256126
1.0,4789,0.1939862184172061
