family_history_of_mental_illness,count,depression_rate
Yes,13452,0.6123253047873922
No,14338,0.5598409820058585
