class,count,rate
0,11541,0.41480070445315026
1,16282,0.5851992955468497
