class,count,rate
0,11526,0.41475350845627923
1,16264,0.5852464915437208
